<?xml version="1.0" encoding="UTF-8"?>
<Configuration status="info">
	<Appenders>				
	    <!-- LOG -->
		<RollingFile name="LogFile" fileName="/opt/tomcat/webapps/parking/log/log.log"
			filePattern="/opt/tomcat/webapps/parking/log/logs/Ubicomp-%d{yyyy}-%i.log.gz">
			<PatternLayout
				pattern="%n%d{yyyy-MM-dd HH:mm:ss.SSS} %-5level %-30l %logger{36} ### %msg"
				header="-- UBICOMP EXAMPLE --" />
			<Policies>
				<TimeBasedTriggeringPolicy />
				<SizeBasedTriggeringPolicy size="10 MB" />
			</Policies>
			<DefaultRolloverStrategy max="20"/>
		</RollingFile>		
	    <!-- LOGDB -->
		<RollingFile name="LogFileDB" fileName="/opt/tomcat/webapps/parking/log/logdb.log"
			filePattern="/opt/tomcat/webapps/parking/log/logs/Ubicomp-%d{yyyy}-%i.logdb.gz">
			<PatternLayout
				pattern="%n%d{yyyy-MM-dd HH:mm:ss.SSS} %-5level %-30l %logger{36} ### %msg"
				header="-- UBICOMP EXAMPLE --" />
			<Policies>
				<TimeBasedTriggeringPolicy />
				<SizeBasedTriggeringPolicy size="10 MB" />
			</Policies>
			<DefaultRolloverStrategy max="20"/>
		</RollingFile>		
	    <!-- LOGMQTT -->
		<RollingFile name="LogFileMQTT" fileName="/opt/tomcat/webapps/parking/log/logmqtt.log"
			filePattern="/opt/tomcat/webapps/parking/log/logs/Ubicomp-%d{yyyy}-%i.logmqtt.gz">
			<PatternLayout
				pattern="%n%d{yyyy-MM-dd HH:mm:ss.SSS} %-5level %-30l %logger{36} ### %msg"
				header="-- UBICOMP EXAMPLE --" />
			<Policies>
				<TimeBasedTriggeringPolicy />
				<SizeBasedTriggeringPolicy size="10 MB" />
			</Policies>
			<DefaultRolloverStrategy max="20"/>
		</RollingFile>	
	</Appenders>
	<Loggers>
	    <!-- LOG -->
		<Logger name="log" additivity="FALSE" level="DEBUG">
            <AppenderRef ref="LogFile" level="DEBUG" />
        </Logger>
	    <!-- LOGDB -->
		<Logger name="logdb" additivity="FALSE" level="DEBUG">
            <AppenderRef ref="LogFileDB" level="DEBUG" />
        </Logger>
	    <!-- LOGMQTT -->
		<Logger name="logmqtt" additivity="FALSE" level="DEBUG">
            <AppenderRef ref="LogFileMQTT" level="DEBUG"/>
        </Logger>
	</Loggers>
</Configuration>